,Age,Blood_Pressure,Heart_Rate,Fever,Cough,Sore_Throat,Fatigue,Headache,Breathlessness,Loss_of_Smell_Taste,Diarrhea,Chest_Pain,Body_Ache,Runny_Nose,Vomiting,Diabetes,Hypertension,Asthma,Obesity,Smoking,Vaccinated,Travel_History,Contact_with_Positive,Comorbidity_Count,ICU_Admission,Hospitalization_Days,Is_Covid_True,Is_Male,Is_Female,Gender_Other
count,449882.0,449882.0,449882.0,449882.0,449882.0,449882.0,449882.0,449882.0,449882.0,449882.0,449882.0,449882.0,449882.0,449882.0,449882.0,449882.0,449882.0,449882.0,449882.0,449882.0,449882.0,449882.0,449882.0,449882.0,449882.0,449882.0,449882.0,449882.0,449882.0,449882.0
mean,49.944812195197855,129.49640794697277,89.46416393632109,0.29903174610231126,0.39940917840678225,0.29999199790167197,0.40051168973197415,0.3991046541092998,0.19941229033390978,0.15109517606839126,0.09970169955677266,0.0501753793216888,0.30000088912203643,0.2511591928550153,0.10084866698378686,0.09957722247167035,0.15057503967707087,0.1000551255662596,0.11962247878332541,0.10015070618517745,0.5988859300883342,0.05009980394859096,0.20151061833992023,2.0021183332518304,0.049781942820561836,14.503645400349425,0.7825274183007989,0.33372751076949064,0.3325849889526587,0.33368750027785066
std,28.596291126774588,28.81301539575203,17.32362854059116,0.45783427880887106,0.48977752073995434,0.45825458631597676,0.4900026630757393,0.4897148785285015,0.3995589864622137,0.35814202343054347,0.2996021865482904,0.21830693201516305,0.4582584668491366,0.4336803785758118,0.30112856874069993,0.2994358003599437,0.3576345640533172,0.30007382019280304,0.3245199153268114,0.3002011701453428,0.490124582935285,0.21815113883731804,0.4011289651663248,1.4145805069204305,0.21749438185091874,8.667418979604511,0.41252713387391177,0.47154422228947956,0.4711397961094804,0.4715301121414107
min,1.0,80.0,60.0,0.0,0.0,0.0,0.0,0.0,0.0,0.0,0.0,0.0,0.0,0.0,0.0,0.0,0.0,0.0,0.0,0.0,0.0,0.0,0.0,0.0,0.0,0.0,0.0,0.0,0.0,0.0
25%,25.0,105.0,74.0,0.0,0.0,0.0,0.0,0.0,0.0,0.0,0.0,0.0,0.0,0.0,0.0,0.0,0.0,0.0,0.0,0.0,0.0,0.0,0.0,1.0,0.0,7.0,1.0,0.0,0.0,0.0
50%,50.0,129.0,89.0,0.0,0.0,0.0,0.0,0.0,0.0,0.0,0.0,0.0,0.0,0.0,0.0,0.0,0.0,0.0,0.0,0.0,1.0,0.0,0.0,2.0,0.0,15.0,1.0,0.0,0.0,0.0
75%,75.0,154.0,104.0,1.0,1.0,1.0,1.0,1.0,0.0,0.0,0.0,0.0,1.0,1.0,0.0,0.0,0.0,0.0,0.0,0.0,1.0,0.0,0.0,3.0,0.0,22.0,1.0,1.0,1.0,1.0
max,99.0,179.0,119.0,1.0,1.0,1.0,1.0,1.0,1.0,1.0,1.0,1.0,1.0,1.0,1.0,1.0,1.0,1.0,1.0,1.0,1.0,1.0,1.0,4.0,1.0,29.0,1.0,1.0,1.0,1.0
